,name
0,Tokyo
1,Jakarta
2,Delhi
3,Guangzhou
4,Mumbai
5,Manila
6,Shanghai
7,São Paulo
8,Seoul
9,Mexico City
10,Cairo
11,New York
12,Dhaka
13,Beijing
14,Kolkāta
15,Bangkok
16,Shenzhen
17,Moscow
18,Buenos Aires
19,Lagos
20,Istanbul
21,Karachi
22,Bangalore
23,Ho Chi Minh City
24,Ōsaka
25,Chengdu
26,Tehran
27,Kinshasa
28,Rio de Janeiro
29,Chennai
30,Xi’an
31,Lahore
32,Chongqing
33,Los Angeles
34,Baoding
35,London
36,Paris
37,Linyi
38,Dongguan
39,Hyderābād
40,Tianjin
41,Lima
42,Wuhan
43,Nanyang
44,Hangzhou
45,Foshan
46,Nagoya
47,Tongshan
48,Luanda
49,Zhoukou
50,Ganzhou
51,Kuala Lumpur
52,Heze
53,Quanzhou
54,Johannesburg
55,Chicago
56,Nanjing
57,Jining
58,Hanoi
59,Pune
60,Fuyang
61,Ahmedabad
62,Bogotá
63,Shenyang
64,Dar es Salaam
65,Khartoum
66,Shangqiu
67,Hong Kong
68,Cangzhou
69,Riyadh
70,Santiago
71,Xingtai
72,Zhumadian
73,Chattogram
74,Surabaya
75,Zhanjiang
76,Bijie
77,Yancheng
78,Hengyang
79,Zunyi
80,Shaoyang
81,Sūrat
82,Shangrao
83,Xinyang
84,Madrid
85,Baghdad
86,Maoming
87,Jieyang
88,Miami
89,Singapore
90,Houston
91,Liaocheng
92,Huanggang
93,Dalian
94,Dallas
95,Qingdao
96,Yulin
97,Douala
98,Qujing
99,Nangandao
100,Philadelphia
101,Pudong
102,Toronto
103,Zhengzhou
104,Dezhou
105,Nanchong
106,Jinan
107,Giza
108,Nairobi
109,Guadalajara
110,Ankara
111,Tai’an
112,Langfang
113,Dazhou
114,Saint Petersburg
115,Monterrey
116,Belo Horizonte
117,Suzhou
118,Yongzhou
119,Changde
120,Xiangyang
121,Rangoon
122,Atlanta
123,Washington
124,Zhaotong
125,Zhangzhou
126,Melbourne
127,Yichun
128,Bozhou
129,Suqian
130,Abidjan
131,Ji’an
132,Guilin
133,Pingdingshan
134,Berlin
135,Alexandria
136,Mianyang
137,Sydney
138,Huanglongsi
139,Barcelona
140,Yuncheng
141,Cape Town
142,Changsha
143,Jeddah
144,Weinan
145,Chenzhou
146,Jiangmen
147,Jiujiang
148,Xinpu
149,Yibin
150,Huaihua
151,Yangzhou
152,Taizhou
153,Kunming
154,Yiyang
155,Changchun
156,Lu’an
157,Jiangguanchi
158,Meizhou
159,Ürümqi
160,Suzhou
161,Boston
162,İzmir
163,Guigang
164,Shantou
165,Kabul
166,Xiaoganzhan
167,Bamako
168,Luzhou
169,Hefei
170,Hengshui
171,Fortaleza
172,Anqing
173,Liuzhou
174,Zhangjiakou
175,Zhaoqing
176,Shijiazhuang
177,Ningbo
178,Qiqihar
179,Phoenix
180,Fuzhou
181,Chifeng
182,Xiaoxita
183,Amman
184,Chuzhou
185,Linfen
186,Qingyuan
187,Xianyang
188,Loudi
189,Binzhou
190,Zhuzhou
191,Taiyuan
192,Nanning
193,Harbin
194,Abuja
195,Yokohama
196,Suihua
197,Zaozhuang
198,Detroit
199,Xiamen
200,Neijiang
201,Montréal
202,Fuzhou
203,Baicheng
204,Wuhu
205,Yulinshi
206,Medan
207,Wenzhou
208,Changzhou
209,Puyang
210,Jiaozuo
211,Nanchang
212,Seattle
213,Ibadan
214,Casablanca
215,Kumasi
216,Deyang
217,Busan
218,Hohhot
219,Hechi
220,Algiers
221,Tangshan
222,Shiyan
223,Lucknow
224,Mashhad
225,San Francisco
226,Boankra
227,Dubai
228,Anshan
229,Baojishi
230,Qinzhou
231,Guiyang
232,Bengbu
233,Bazhou
234,Suining
235,Wuxi
236,Kotla Qasim Khan
237,Hanzhong
238,Putian
239,Zhenjiang
240,Guang’an
241,Faisalabad
242,Changzhi
243,Tongren
244,Leshan
245,Santa Cruz de la Sierra
246,Qinhuangdao
247,Jaipur
248,Xinzhou
249,Lanzhou
250,Wuzhou
251,Athens
252,San Diego
253,Addis Ababa
254,Taichung
255,Huainan
256,Guatemala City
257,Kuwait City
258,Budapest
259,Qincheng
260,Rizhao
261,Quezon City
262,Sanaa
263,Tashkent
264,Kyiv
265,Meishan
266,Incheon
267,Birmingham
268,Ningde
269,Zhongshan
270,Weihai
271,Bursa
272,Minneapolis
273,Mbuji-Mayi
274,Haikou
275,Tongliao
276,Chaoyang
277,La Paz
278,Pyongyang
279,Tampa
280,Shaoguan
281,Heyuan
282,Brasília
283,Omdurman
284,Malang
285,Stuttgart
286,Daqing
287,Rome
288,Brooklyn
289,Kaohsiung
290,Xiangtan
291,Longyan
292,Baotou
293,Handan
294,Jinzhou
295,Kanpur
296,Denver
297,Nanping
298,Gāzipura
299,Shanwei
300,Chaozhou
301,Guayaquil
302,Weifang
303,Huai’an
304,Zibo
305,Ankang
306,Mogadishu
307,Munich
308,Gulou
309,Taipei
310,Bekasi
311,Damascus
312,Sanming
313,Yangjiang
314,Jiamusi
315,Luohe
316,Medellín
317,Dingxi
318,Shaoxing
319,Yantai
320,Huizhou
321,Lishui
322,Xuanzhou
323,Khowrhesht
324,Mirzāpur
325,Zigong
326,Hamburg
327,Guangyuan
328,Cali
329,Huangshi
330,Xining
331,Lusaka
332,Ouagadougou
333,Yaoundé
334,Zhuhai
335,Huludao
336,Baoshan
337,Mecca
338,Vancouver
339,Lianshan
340,Beirut
341,Salvador
342,Bucharest
343,Longba
344,Nāgpur
345,Queens
346,Jilin
347,Tieling
348,Accra
349,Yunfu
350,Bekasi Kota
351,Daegu
352,Ghāziābād
353,Luoyang
354,Brisbane
355,Anshun
356,Riverside
357,Yingkou
358,Colombo
359,Yanjiang
360,Baku
361,Antananarivo
362,Mudanjiang
363,Fukuoka
364,Yan’an
365,Jincheng
366,Nantong
367,Lincang
368,Yuxi
369,Las Vegas
370,Caracas
371,Tangerang
372,Laibin
373,Konya
374,Supaul
375,Vienna
376,Eşfahān
377,Baltimore
378,Shengli
379,Dandong
380,Qinbaling
381,Gaoping
382,Awka
383,Taizhou
384,Ma’anshan
385,Harare
386,Perth
387,St. Louis
388,Phnom Penh
389,Depok
390,Stockholm
391,Puning
392,Huaibei
393,Kowloon
394,Córdoba
395,Haiphong
396,Zamboanga City
397,Chongzuo
398,Rawalpindi
399,Portland
400,Kano
401,Yushan
402,Havana
403,Hezhou
404,Pingliang
405,Vadodara
406,Manaus
407,Qingyang
408,San Antonio
409,Rājkot
410,Shangzhou
411,Vishākhapatnam
412,Sanmenxia
413,Baicheng
414,Gujranwala
415,Aleppo
416,Tijuana
417,Bamenda
418,Minsk
419,Indore
420,Karaj
421,Kananga
422,Peshawar
423,Sapporo
424,Sacramento
425,Tilburg
426,Pingxiang
427,Ecatepec
428,Almaty
429,Austin
430,Yinchuan
431,Santos
432,Blantyre
433,Thāne
434,Orlando
435,Tainan
436,Xiping
437,Multan
438,Santa Cruz
439,Port Harcourt
440,Jixi
441,Fushun
442,Warsaw
443,Beihai
444,Fuxin
445,Wuwei
446,Siping
447,San Juan
448,Mersin
449,Bhopāl
450,Mosul
451,Lubumbashi
452,Davao
453,Curitiba
454,San Jose
455,Shuyangzha
456,Adana
457,Quito
458,Pittsburgh
459,Brazzaville
460,Hyderabad City
461,Diyarbakır
462,Indianapolis
463,Pimpri-Chinchwad
464,Masqaţ
465,Montevideo
466,Shuozhou
467,Manhattan
468,Cincinnati
469,Kansas City
470,Patna
471,Tegucigalpa
472,Kampala
473,Cleveland
474,Sanzhou
475,Changshu
476,Heihe
477,Conakry
478,Ximeicun
479,Caloocan City
480,Masvingo
481,Zhongli
482,Novosibirsk
483,Bilāspur
484,Semarang
485,Jingdezhen
486,Ludhiāna
487,Liaoyang
488,Chengtangcun
489,Rājshāhi
490,Balandougou
491,Jiangyin
492,Valencia
493,Āgra
494,León de los Aldama
495,Puebla
496,Columbus
497,Yopougon
498,Hebi
499,Shīrāz
